{
    "PSO": {
        "best": 0.11496587097508239,
        "mean": 0.11496592815058779,
        "std": 9.545022929310006e-08
    },
    "GA": {
        "best": 0.1149658805913356,
        "mean": 0.11504413305684245,
        "std": 0.0003004854445140221
    },
    "SA": {
        "best": 0.11497005799311341,
        "mean": 0.1150028057619395,
        "std": 2.4380370067526973e-05
    }
}